Datum;vodostaj (cm);Nivo v absolutnih kotah (m n.m.);nivo v absolut. kotah (m n.m.)
01.01.2009;1989
02.01.2009;1993
03.01.2009;1993
04.01.2009;2001
05.01.2009;2008
06.01.2009;2014
07.01.2009;2018
08.01.2009;2023
09.01.2009;2027
10.01.2009;2032
11.01.2009;2037
12.01.2009;2040
13.01.2009;2042
14.01.2009;2046
15.01.2009;2050
16.01.2009;2054
17.01.2009;2056
18.01.2009;2057
19.01.2009;2060
20.01.2009;2063
21.01.2009;2065
22.01.2009;2063
23.01.2009;2059
24.01.2009;2055
25.01.2009;2054
26.01.2009;2054
27.01.2009;2055
28.01.2009;2056
29.01.2009;2055
30.01.2009;2056
31.01.2009;2056
01.02.2009;2054
02.02.2009;2056
03.02.2009;2058
04.02.2009;2059
05.02.2009;2060
06.02.2009;2058
07.02.2009;2054
08.02.2009;2049
09.02.2009;2045
10.02.2009;2035
11.02.2009;2027
12.02.2009;2023
13.02.2009;2017
14.02.2009;2016
15.02.2009;2015
16.02.2009;2018
17.02.2009;2014
18.02.2009;2012
19.02.2009;2021
20.02.2009;2023
21.02.2009;2023
22.02.2009;2022
23.02.2009;2024
24.02.2009;2028
25.02.2009;2033
26.02.2009;2034
27.02.2009;2037
28.02.2009;2038
01.03.2009;2039
02.03.2009;2042
03.03.2009;2045
04.03.2009;2046
05.03.2009;2043
06.03.2009;2045
07.03.2009;2043
08.03.2009;2044
09.03.2009;2048
10.03.2009;2053
11.03.2009;2049
12.03.2009;2056
13.03.2009;2058
14.03.2009;2059
15.03.2009;2056
16.03.2009;2057
17.03.2009;2061
18.03.2009;2061
19.03.2009;2066
20.03.2009;2064
21.03.2009;2061
22.03.2009;2069
23.03.2009;2081
24.03.2009;2075
25.03.2009;2081
26.03.2009;2086
27.03.2009;2088
28.03.2009;2084
29.03.2009;2082
30.03.2009;2079
31.03.2009;2074
01.04.2009;2065
02.04.2009;2055
03.04.2009;2045
04.04.2009;2034
05.04.2009;2025
06.04.2009;2019
07.04.2009;2014
08.04.2009;2011
09.04.2009;2009
10.04.2009;2007
11.04.2009;2005
12.04.2009;2004
13.04.2009;2001
14.04.2009;2003
15.04.2009;2006
16.04.2009;2010
17.04.2009;2010
18.04.2009;2011
19.04.2009;2011
20.04.2009;2013
21.04.2009;2016
22.04.2009;2018
23.04.2009;2021
24.04.2009;2022
25.04.2009;2023
26.04.2009;2022
27.04.2009;2022
28.04.2009;2023
29.04.2009;2025
30.04.2009;2026
01.05.2009;2024
02.05.2009;2024
03.05.2009;2024
04.05.2009;2025
05.05.2009;2029
06.05.2009;2031
07.05.2009;2032
08.05.2009;2033
09.05.2009;2033
10.05.2009;2033
11.05.2009;2038
12.05.2009;2041
13.05.2009;2042
14.05.2009;2044
15.05.2009;2047
16.05.2009;2046
17.05.2009;2046
18.05.2009;2049
19.05.2009;2052
20.05.2009;2055
21.05.2009;2057
22.05.2009;2059
23.05.2009;2059
24.05.2009;2059
25.05.2009;2063
26.05.2009;2065
27.05.2009;2069
28.05.2009;2071
29.05.2009;2073
30.05.2009;2075
31.05.2009;2074
01.06.2009;2076
02.06.2009;2077
03.06.2009;2080
04.06.2009;2083
05.06.2009;2084
06.06.2009;2082
07.06.2009;2082
08.06.2009;2085
09.06.2009;2086
10.06.2009;2087
11.06.2009;2087
12.06.2009;2087
13.06.2009;2087
14.06.2009;2088
15.06.2009;2090
16.06.2009;2093
17.06.2009;2095
18.06.2009;2096
19.06.2009;2097
20.06.2009;2096
21.06.2009;2094
22.06.2009;2095
23.06.2009;2096
24.06.2009;2094
25.06.2009;2091
26.06.2009;2088
27.06.2009;2087
28.06.2009;2086
29.06.2009;2087
30.06.2009;2088
01.07.2009;2089
02.07.2009;2088
03.07.2009;2088
04.07.2009;2087
05.07.2009;2087
06.07.2009;2089
07.07.2009;2091
08.07.2009;2090
09.07.2009;2086
10.07.2009;2080
11.07.2009;2074
12.07.2009;2070
13.07.2009;2069
14.07.2009;2068
15.07.2009;2068
16.07.2009;2068
17.07.2009;2068
18.07.2009;2067
19.07.2009;2067
20.07.2009;2068
21.07.2009;2069
22.07.2009;2070
23.07.2009;2071
24.07.2009;2072
25.07.2009;2073
26.07.2009;2074
27.07.2009;2077
28.07.2009;2080
29.07.2009;2082
30.07.2009;2083
31.07.2009;2085
01.08.2009;2085
02.08.2009;2086
03.08.2009;2089
04.08.2009;2091
05.08.2009;2093
06.08.2009;2094
07.08.2009;2094
08.08.2009;2094
09.08.2009;2094
10.08.2009;2097
11.08.2009;2100
12.08.2009;2102
13.08.2009;2103
14.08.2009;2104
15.08.2009;2104
16.08.2009;2105
17.08.2009;2107
18.08.2009;2110
19.08.2009;2112
20.08.2009;2114
21.08.2009;2115
22.08.2009;2116
23.08.2009;2117
24.08.2009;2120
25.08.2009;2122
26.08.2009;2125
27.08.2009;2125
28.08.2009;2127
29.08.2009;2127
30.08.2009;2130
31.08.2009;2134
01.09.2009;2136
02.09.2009;2136
03.09.2009;2137
04.09.2009;2138
05.09.2009;2139
06.09.2009;2140
07.09.2009;2141
08.09.2009;2142
09.09.2009;2143
10.09.2009;2143
11.09.2009;2143
12.09.2009;2144
13.09.2009;2144
14.09.2009;2146
15.09.2009;2149
16.09.2009;2148
17.09.2009;2148
18.09.2009;2146
19.09.2009;2144
20.09.2009;2143
21.09.2009;2143
22.09.2009;2145
23.09.2009;2146
24.09.2009;2146
25.09.2009;2147
26.09.2009;2147
27.09.2009;2149
28.09.2009;2151
29.09.2009;2153
30.09.2009;2154
01.10.2009;2152
02.10.2009;2152
03.10.2009;2154
04.10.2009;2156
05.10.2009;2157
06.10.2009;2158
07.10.2009;2158
08.10.2009;2159
09.10.2009;2161
10.10.2009;2160
11.10.2009;2161
12.10.2009;2164
13.10.2009;2167
14.10.2009;2168
15.10.2009;2170
16.10.2009;2171
17.10.2009;2171
18.10.2009;2170
19.10.2009;2172
20.10.2009;2182
21.10.2009;2182
22.10.2009;2178
23.10.2009;2179
24.10.2009;2178
25.10.2009;2176
26.10.2009;2175
27.10.2009;2176
28.10.2009;2178
29.10.2009;2179
30.10.2009;2179
31.10.2009;2185
01.11.2009;2185
02.11.2009;2187
03.11.2009;2188
04.11.2009;2191
05.11.2009;2190
06.11.2009;2186
07.11.2009;2181
08.11.2009;2175
09.11.2009;2172
10.11.2009;2169
11.11.2009;2169
12.11.2009;2167
13.11.2009;2165
14.11.2009;2160
15.11.2009;2157
16.11.2009;2157
17.11.2009;2158
18.11.2009;2159
19.11.2009;2162
20.11.2009;2162
21.11.2009;2163
22.11.2009;2166
23.11.2009;2166
24.11.2009;2167
25.11.2009;2169
26.11.2009;2168
27.11.2009;2168
28.11.2009;2167
29.11.2009;2166
30.11.2009;2165
01.12.2009;2165
02.12.2009;2165
03.12.2009;2158
04.12.2009;2154
05.12.2009;2152
06.12.2009;2151
07.12.2009;2148
08.12.2009;2146
09.12.2009;2148
10.12.2009;2146
11.12.2009;2141
12.12.2009;2132
13.12.2009;2139
14.12.2009;2127
15.12.2009;2123
16.12.2009;2138
17.12.2009;2143
18.12.2009;2143
19.12.2009;2141
20.12.2009;2154
21.12.2009;2154
22.12.2009;2150
23.12.2009;2140
24.12.2009;2131
25.12.2009;2118
26.12.2009;2102
27.12.2009;2086
28.12.2009;2074
29.12.2009;2061
30.12.2009;2047
31.12.2009;2035
01.01.2010;2027
02.01.2010;2022
03.01.2010;2028
04.01.2010;2027
05.01.2010;2023
06.01.2010;2023
07.01.2010;2024
08.01.2010;2021
09.01.2010;2019
10.01.2010;2020
11.01.2010;2023
12.01.2010;2024
13.01.2010;2026
14.01.2010;2026
15.01.2010;2028
16.01.2010;2023
17.01.2010;2028
18.01.2010;2034
19.01.2010;2038
20.01.2010;2042
21.01.2010;2045
22.01.2010;2047
23.01.2010;2048
24.01.2010;2049
25.01.2010;2050
26.01.2010;2060
27.01.2010;2064
28.01.2010;2066
29.01.2010;2070
30.01.2010;2070
31.01.2010;2072
01.02.2010;2077
02.02.2010;2084
03.02.2010;2085
04.02.2010;2085
05.02.2010;2086
06.02.2010;2086
07.02.2010;2091
08.02.2010;2094
09.02.2010;2097
10.02.2010;2098
11.02.2010;2099
12.02.2010;2101
13.02.2010;2102
14.02.2010;2104
15.02.2010;2106
16.02.2010;2109
17.02.2010;2110
18.02.2010;2111
19.02.2010;2110
20.02.2010;2106
21.02.2010;2099
22.02.2010;2090
23.02.2010;2081
24.02.2010;2071
25.02.2010;2062
26.02.2010;2052
27.02.2010;2042
28.02.2010;2030
01.03.2010;2019
02.03.2010;2014
03.03.2010;2007
04.03.2010;1999
05.03.2010;2001
06.03.2010;2001
07.03.2010;1995
08.03.2010;1987
09.03.2010;1987
10.03.2010;1990
11.03.2010;1995
12.03.2010;2001
13.03.2010;2004
14.03.2010;2007
15.03.2010;2012
16.03.2010;2018
17.03.2010;2022
18.03.2010;2023
19.03.2010;2026
20.03.2010;2026
21.03.2010;2027
22.03.2010;2031
23.03.2010;2035
24.03.2010;2038
25.03.2010;2039
26.03.2010;2040
27.03.2010;2039
28.03.2010;2041
29.03.2010;2044
30.03.2010;2045
31.03.2010;2048
01.04.2010;2054
02.04.2010;2054
03.04.2010;2054
04.04.2010;2052
05.04.2010;2051
06.04.2010;2054
07.04.2010;2056
08.04.2010;2057
09.04.2010;2057
10.04.2010;2055
11.04.2010;2054
12.04.2010;2058
13.04.2010;2061
14.04.2010;2062
15.04.2010;2064
16.04.2010;2066
17.04.2010;2065
18.04.2010;2066
19.04.2010;2069
20.04.2010;2076
21.04.2010;2077
22.04.2010;2078
23.04.2010;2080
24.04.2010;2079
25.04.2010;2080
26.04.2010;2083
27.04.2010;2085
28.04.2010;2088
29.04.2010;2090
30.04.2010;2093
01.05.2010;2092
02.05.2010;2092
03.05.2010;2093
04.05.2010;2094
05.05.2010;2095
06.05.2010;2094
07.05.2010;2093
08.05.2010;2089
09.05.2010;2086
10.05.2010;2086
11.05.2010;2084
12.05.2010;2084
13.05.2010;2084
14.05.2010;2083
15.05.2010;2080
16.05.2010;2079
17.05.2010;2081
18.05.2010;2082
19.05.2010;2083
20.05.2010;2084
21.05.2010;2084
22.05.2010;2083
23.05.2010;2083
24.05.2010;2086
25.05.2010;2089
26.05.2010;2092
27.05.2010;2094
28.05.2010;2095
29.05.2010;2094
30.05.2010;2094
31.05.2010;2097
01.06.2010;2100
02.06.2010;2099
03.06.2010;2099
04.06.2010;2099
05.06.2010;2099
06.06.2010;2099
07.06.2010;2102
08.06.2010;2104
09.06.2010;2106
10.06.2010;2108
11.06.2010;2108
12.06.2010;2109
13.06.2010;2109
14.06.2010;2112
15.06.2010;2115
16.06.2010;2116
17.06.2010;2117
18.06.2010;2117
19.06.2010;2116
20.06.2010;2114
21.06.2010;2112
22.06.2010;2110
23.06.2010;2108
24.06.2010;2105
25.06.2010;2103
26.06.2010;2101
27.06.2010;2100
28.06.2010;2103
29.06.2010;2104
30.06.2010;2104
01.07.2010;2104
02.07.2010;2106
03.07.2010;2106
04.07.2010;2106
05.07.2010;2110
06.07.2010;2112
07.07.2010;2114
08.07.2010;2116
09.07.2010;2118
10.07.2010;2117
11.07.2010;2117
12.07.2010;2119
13.07.2010;2122
14.07.2010;2124
15.07.2010;2125
16.07.2010;2126
17.07.2010;2126
18.07.2010;2127
19.07.2010;2130
20.07.2010;2133
21.07.2010;2134
22.07.2010;2136
23.07.2010;2136
24.07.2010;2136
25.07.2010;2137
26.07.2010;2139
27.07.2010;2141
28.07.2010;2143
29.07.2010;2142
30.07.2010;2141
31.07.2010;2138
01.08.2010;2135
02.08.2010;2135
03.08.2010;2135
04.08.2010;2135
05.08.2010;2135
06.08.2010;2136
07.08.2010;2135
08.08.2010;2132
09.08.2010;2132
10.08.2010;2133
11.08.2010;2134
12.08.2010;2134
13.08.2010;2133
14.08.2010;2132
15.08.2010;2130
16.08.2010;2130
17.08.2010;2130
18.08.2010;2127
19.08.2010;2125
20.08.2010;2124
21.08.2010;2122
22.08.2010;2122
23.08.2010;2124
24.08.2010;2126
25.08.2010;2129
26.08.2010;2129
27.08.2010;2128
28.08.2010;2128
29.08.2010;2128
30.08.2010;2128
31.08.2010;2124
01.09.2010;2119
02.09.2010;2121
03.09.2010;2118
04.09.2010;2116
05.09.2010;2117
06.09.2010;2119
07.09.2010;2120
08.09.2010;2119
09.09.2010;2114
10.09.2010;2108
11.09.2010;2103
12.09.2010;2098
13.09.2010;2097
14.09.2010;2096
15.09.2010;2095
16.09.2010;2094
17.09.2010;2091
18.09.2010;2068
19.09.2010;2019
20.09.2010;1972
21.09.2010;1940
22.09.2010;1917
23.09.2010;1901
24.09.2010;1889
25.09.2010;1881
26.09.2010;1877
27.09.2010;1877
28.09.2010;1877
29.09.2010;1877
30.09.2010;1877
01.10.2010;1878
02.10.2010;1880
03.10.2010;1883
04.10.2010;1887
05.10.2010;1892
06.10.2010;1897
07.10.2010;1901
08.10.2010;1903
09.10.2010;1905
10.10.2010;1909
11.10.2010;1914
12.10.2010;1920
13.10.2010;1923
14.10.2010;1927
15.10.2010;1931
16.10.2010;1934
17.10.2010;1938
18.10.2010;1943
19.10.2010;1948
20.10.2010;1951
21.10.2010;1957
22.10.2010;1962
23.10.2010;1964
24.10.2010;1966
25.10.2010;1970
26.10.2010;1979
27.10.2010;1976
28.10.2010;1977
29.10.2010;1977
30.10.2010;1976
31.10.2010;1976
01.11.2010;1976
02.11.2010;1978
03.11.2010;1980
04.11.2010;1982
05.11.2010;1984
06.11.2010;1985
07.11.2010;1984
08.11.2010;1984
09.11.2010;1985
10.11.2010;1987
11.11.2010;1986
12.11.2010;1982
13.11.2010;1979
14.11.2010;1979
15.11.2010;1980
16.11.2010;1979
17.11.2010;1978
18.11.2010;1980
19.11.2010;1979
20.11.2010;1978
21.11.2010;1974
22.11.2010;1972
23.11.2010;1971
24.11.2010;1967
25.11.2010;1965
26.11.2010;1962
27.11.2010;1964
28.11.2010;1962
29.11.2010;1964
30.11.2010;1962
01.12.2010;1958
02.12.2010;1964
03.12.2010;1965
04.12.2010;1965
05.12.2010;1968
06.12.2010;1967
07.12.2010;1966
08.12.2010;1961
09.12.2010;1950
10.12.2010;1940
11.12.2010;1926
12.12.2010;1914
13.12.2010;1909
14.12.2010;1908
15.12.2010;1907
16.12.2010;1906
17.12.2010;1906
18.12.2010;1909
19.12.2010;1914
20.12.2010;1917
21.12.2010;1921
22.12.2010;1924
23.12.2010;1925
24.12.2010;1922
25.12.2010;1919
26.12.2010;1914
27.12.2010;1909
28.12.2010;1904
29.12.2010;1900
30.12.2010;1899
31.12.2010;1898
01.01.2011;1892
02.01.2011;1894
03.01.2011;1898
04.01.2011;1901
05.01.2011;1905
06.01.2011;1910
07.01.2011;1910
08.01.2011;1911
09.01.2011;1913
10.01.2011;1918
11.01.2011;1922
12.01.2011;1925
13.01.2011;1928
14.01.2011;1931
15.01.2011;1933
16.01.2011;1937
17.01.2011;1942
18.01.2011;1946
19.01.2011;1950
20.01.2011;1954
21.01.2011;1950
22.01.2011;1950
23.01.2011;1961
24.01.2011;1970
25.01.2011;1976
26.01.2011;1980
27.01.2011;1984
28.01.2011;1983
29.01.2011;1987
30.01.2011;1994
31.01.2011;2003
01.02.2011;2007
02.02.2011;2014
03.02.2011;2018
04.02.2011;2022
05.02.2011;2023
06.02.2011;2025
07.02.2011;2029
08.02.2011;2030
09.02.2011;2033
10.02.2011;2037
11.02.2011;2039
12.02.2011;2039
13.02.2011;2043
14.02.2011;2048
15.02.2011;2051
16.02.2011;2054
17.02.2011;2057
18.02.2011;2058
19.02.2011;2057
20.02.2011;2058
21.02.2011;2061
22.02.2011;2068
23.02.2011;2074
24.02.2011;2079
25.02.2011;2082
26.02.2011;2084
27.02.2011;2083
28.02.2011;2083
01.03.2011;2083
02.03.2011;2078
03.03.2011;2089
04.03.2011;2093
05.03.2011;2097
06.03.2011;2097
07.03.2011;2093
08.03.2011;2099
09.03.2011;2109
10.03.2011;2117
11.03.2011;2118
12.03.2011;2114
13.03.2011;2110
14.03.2011;2109
15.03.2011;2109
16.03.2011;2107
17.03.2011;2104
18.03.2011;2102
19.03.2011;2098
20.03.2011;2087
21.03.2011;2081
22.03.2011;2084
23.03.2011;2087
24.03.2011;2088
25.03.2011;2085
26.03.2011;2083
27.03.2011;2083
28.03.2011;2083
29.03.2011;2083
30.03.2011;2085
31.03.2011;2087
01.04.2011;2088
02.04.2011;2087
03.04.2011;2087
04.04.2011;2087
05.04.2011;2088
06.04.2011;2091
07.04.2011;2091
08.04.2011;2091
09.04.2011;2091
10.04.2011;2092
11.04.2011;2094
12.04.2011;2095
13.04.2011;2097
14.04.2011;2104
15.04.2011;2104
16.04.2011;2102
17.04.2011;2104
18.04.2011;2106
19.04.2011;2110
20.04.2011;2115
21.04.2011;2119
22.04.2011;2123
23.04.2011;2126
24.04.2011;2125
25.04.2011;2124
26.04.2011;2123
27.04.2011;2125
28.04.2011;2128
29.04.2011;2129
30.04.2011;2130
01.05.2011;2131
02.05.2011;2131
03.05.2011;2133
04.05.2011;2139
05.05.2011;2145
06.05.2011;2147
07.05.2011;2147
08.05.2011;2142
09.05.2011;2139
10.05.2011;2144
11.05.2011;2146
12.05.2011;2145
13.05.2011;2144
14.05.2011;2145
15.05.2011;2145
16.05.2011;2148
17.05.2011;2149
18.05.2011;2147
19.05.2011;2147
20.05.2011;2148
21.05.2011;2148
22.05.2011;2148
23.05.2011;2150
24.05.2011;2153
25.05.2011;2155
26.05.2011;2156
27.05.2011;2157
28.05.2011;2157
29.05.2011;2158
30.05.2011;2157
31.05.2011;2159
01.06.2011;2158
02.06.2011;2157
03.06.2011;2157
04.06.2011;2155
05.06.2011;2153
06.06.2011;2152
07.06.2011;2154
08.06.2011;2153
09.06.2011;2149
10.06.2011;2144
11.06.2011;2139
12.06.2011;2136
13.06.2011;2134
14.06.2011;2134
15.06.2011;2134
16.06.2011;2133
17.06.2011;2133
18.06.2011;2132
19.06.2011;2132
20.06.2011;2134
21.06.2011;2134
22.06.2011;2134
23.06.2011;2134
24.06.2011;2135
25.06.2011;2135
26.06.2011;2134
27.06.2011;2134
28.06.2011;2136
29.06.2011;2138
30.06.2011;2139
01.07.2011;2139
02.07.2011;2139
03.07.2011;2141
04.07.2011;2143
05.07.2011;2143
06.07.2011;2143
07.07.2011;2144
08.07.2011;2146
09.07.2011;2146
10.07.2011;2146
11.07.2011;2148
12.07.2011;2150
13.07.2011;2150
14.07.2011;2152
15.07.2011;2154
16.07.2011;2152
17.07.2011;2148
18.07.2011;2149
19.07.2011;2151
20.07.2011;2152
21.07.2011;2153
22.07.2011;2154
23.07.2011;2152
24.07.2011;2147
25.07.2011;2142
26.07.2011;2136
27.07.2011;2132
28.07.2011;2131
29.07.2011;2130
30.07.2011;2129
31.07.2011;2129
01.08.2011;2129
02.08.2011;2130
03.08.2011;2131
04.08.2011;2131
05.08.2011;2131
06.08.2011;2131
07.08.2011;2130
08.08.2011;2130
09.08.2011;2132
10.08.2011;2132
11.08.2011;2131
12.08.2011;2130
13.08.2011;2128
14.08.2011;2126
15.08.2011;2126
16.08.2011;2127
17.08.2011;2128
18.08.2011;2129
19.08.2011;2130
20.08.2011;2130
21.08.2011;2130
22.08.2011;2131
23.08.2011;2134
24.08.2011;2136
25.08.2011;2137
26.08.2011;2138
27.08.2011;2139
28.08.2011;2141
29.08.2011;2144
30.08.2011;2147
31.08.2011;2148
01.09.2011;2149
02.09.2011;2148
03.09.2011;2147
04.09.2011;2147
05.09.2011;2150
06.09.2011;2153
07.09.2011;2156
08.09.2011;2158
09.09.2011;2159
10.09.2011;2159
11.09.2011;2158
12.09.2011;2159
13.09.2011;2161
14.09.2011;2161
15.09.2011;2163
16.09.2011;2163
17.09.2011;2163
18.09.2011;2162
19.09.2011;2163
20.09.2011;2166
21.09.2011;2167
22.09.2011;2166
23.09.2011;2166
24.09.2011;2166
25.09.2011;2167
26.09.2011;2169
27.09.2011;2170
28.09.2011;2171
29.09.2011;2172
30.09.2011;2173
01.10.2011;2173
02.10.2011;2174
03.10.2011;2175
04.10.2011;2177
05.10.2011;2178
06.10.2011;2180
07.10.2011;2181
08.10.2011;2182
09.10.2011;2183
10.10.2011;2183
11.10.2011;2182
12.10.2011;2181
13.10.2011;2180
14.10.2011;2179
15.10.2011;2179
16.10.2011;2181
17.10.2011;2188
18.10.2011;2196
19.10.2011;2194
20.10.2011;2186
21.10.2011;2179
22.10.2011;2179
23.10.2011;2180
24.10.2011;2179
25.10.2011;2177
26.10.2011;2174
27.10.2011;2169
28.10.2011;2162
29.10.2011;2153
30.10.2011;2145
31.10.2011;2142
01.11.2011;2140
02.11.2011;2136
03.11.2011;2133
04.11.2011;2127
05.11.2011;2125
06.11.2011;2126
07.11.2011;2127
08.11.2011;2129
09.11.2011;2130
10.11.2011;2131
11.11.2011;2131
12.11.2011;2130
13.11.2011;2132
14.11.2011;2134
15.11.2011;2136
16.11.2011;2138
17.11.2011;2140
18.11.2011;2142
19.11.2011;2145
20.11.2011;2147
21.11.2011;2148
22.11.2011;2151
23.11.2011;2153
24.11.2011;2154
25.11.2011;2153
26.11.2011;2153
27.11.2011;2153
28.11.2011;2154
29.11.2011;2157
30.11.2011;2159
01.12.2011;2160
02.12.2011;2159
03.12.2011;2154
04.12.2011;2150
05.12.2011;2147
06.12.2011;2151
07.12.2011;2155
08.12.2011;2159
09.12.2011;2157
10.12.2011;2150
11.12.2011;2151
12.12.2011;2152
13.12.2011;2152
14.12.2011;2152
15.12.2011;2150
16.12.2011;2147
17.12.2011;2146
18.12.2011;2144
19.12.2011;2141
20.12.2011;2140
21.12.2011;2139
22.12.2011;2137
23.12.2011;2136
24.12.2011;2134
25.12.2011;2133
26.12.2011;2133
27.12.2011;2132
28.12.2011;2132
29.12.2011;2132
30.12.2011;2133
31.12.2011;2136
01.01.2012;;276.95
02.01.2012;;276.94
03.01.2012;;276.94
04.01.2012;;276.94
05.01.2012;;276.94
06.01.2012;;276.94
07.01.2012;;276.95
08.01.2012;;276.95
09.01.2012;;276.96
10.01.2012;;276.96
11.01.2012;;276.95
12.01.2012;;276.95
13.01.2012;;276.94
14.01.2012;;276.93
15.01.2012;;276.91
16.01.2012;;276.9
17.01.2012;;276.88
18.01.2012;;276.86
19.01.2012;;276.84
20.01.2012;;276.82
21.01.2012;;276.8
22.01.2012;;276.78
23.01.2012;;276.77
24.01.2012;;276.75
25.01.2012;;276.73
26.01.2012;;276.71
27.01.2012;;276.69
28.01.2012;;276.67
29.01.2012;;276.65
30.01.2012;;276.63
31.01.2012;;276.61
01.02.2012;;276.59
02.02.2012;;276.57
03.02.2012;;276.56
04.02.2012;;276.54
05.02.2012;;276.51
06.02.2012;;276.5
07.02.2012;;276.48
08.02.2012;;276.46
09.02.2012;;276.45
10.02.2012;;276.43
11.02.2012;;276.42
12.02.2012;;276.4
13.02.2012;;276.39
14.02.2012;;276.37
15.02.2012;;276.35
16.02.2012;;276.33
17.02.2012;;276.32
18.02.2012;;276.3
19.02.2012;;276.29
20.02.2012;;276.27
21.02.2012;;276.26
22.02.2012;;276.25
23.02.2012;;276.24
24.02.2012;;276.22
25.02.2012;;276.21
26.02.2012;;276.2
27.02.2012;;276.2
28.02.2012;;276.2
29.02.2012;;276.19
01.03.2012;;276.18
02.03.2012;;276.18
03.03.2012;;276.17
04.03.2012;;276.17
05.03.2012;;276.16
06.03.2012;;276.15
07.03.2012;;276.14
08.03.2012;;276.14
09.03.2012;;276.13
10.03.2012;;276.13
11.03.2012;;276.12
12.03.2012;;276.12
13.03.2012;;276.1
14.03.2012;;276.09
15.03.2012;;276.07
16.03.2012;;276.06
17.03.2012;;276.05
18.03.2012;;276.05
19.03.2012;;276.04
20.03.2012;;276.03
21.03.2012;;276.03
22.03.2012;;276.02
23.03.2012;;276.02
24.03.2012;;276.01
25.03.2012;;276
26.03.2012;;276
27.03.2012;;275.99
28.03.2012;;275.98
29.03.2012;;275.98
30.03.2012;;275.97
31.03.2012;;275.97
01.04.2012;;275.97
02.04.2012;;275.97
03.04.2012;;275.97
04.04.2012;;275.97
05.04.2012;;275.98
06.04.2012;;275.99
07.04.2012;;276
08.04.2012;;276.01
09.04.2012;;276.02
10.04.2012;;276.04
11.04.2012;;276.06
12.04.2012;;276.08
13.04.2012;;276.1
14.04.2012;;276.12
15.04.2012;;276.13
16.04.2012;;276.14
17.04.2012;;276.14
18.04.2012;;276.14
19.04.2012;;276.14
20.04.2012;;276.14
21.04.2012;;276.14
22.04.2012;;276.15
23.04.2012;;276.16
24.04.2012;;276.17
25.04.2012;;276.19
26.04.2012;;276.22
27.04.2012;;276.25
28.04.2012;;276.29
29.04.2012;;276.32
30.04.2012;;276.35
01.05.2012;;276.36
02.05.2012;;276.36
03.05.2012;;276.34
04.05.2012;;276.33
05.05.2012;;276.33
06.05.2012;;276.34
07.05.2012;;276.36
08.05.2012;;276.36
09.05.2012;;276.36
10.05.2012;;276.36
11.05.2012;;276.37
12.05.2012;;276.39
13.05.2012;;276.42
14.05.2012;;276.44
15.05.2012;;276.44
16.05.2012;;276.42
17.05.2012;;276.41
18.05.2012;;276.41
19.05.2012;;276.43
20.05.2012;;276.45
21.05.2012;;276.48
22.05.2012;;276.5
23.05.2012;;276.5
24.05.2012;;276.5
25.05.2012;;276.5
26.05.2012;;276.51
27.05.2012;;276.52
28.05.2012;;276.53
29.05.2012;;276.53
30.05.2012;;276.52
31.05.2012;;276.51
01.06.2012;;276.51
02.06.2012;;276.51
03.06.2012;;276.51
04.06.2012;;276.51
05.06.2012;;276.51
06.06.2012;;276.51
07.06.2012;;276.51
08.06.2012;;276.52
09.06.2012;;276.53
10.06.2012;;276.54
11.06.2012;;276.54
12.06.2012;;276.54
13.06.2012;;276.56
14.06.2012;;276.6
15.06.2012;;276.66
16.06.2012;;276.71
17.06.2012;;276.76
18.06.2012;;276.79
19.06.2012;;276.81
20.06.2012;;276.82
21.06.2012;;276.82
22.06.2012;;276.82
23.06.2012;;276.82
24.06.2012;;276.82
25.06.2012;;276.82
26.06.2012;;276.81
27.06.2012;;276.8
28.06.2012;;276.78
29.06.2012;;276.77
30.06.2012;;276.77
01.07.2012;;276.76
02.07.2012;;276.74
03.07.2012;;276.72
04.07.2012;;276.7
05.07.2012;;276.69
06.07.2012;;276.69
07.07.2012;;276.69
08.07.2012;;276.68
09.07.2012;;276.66
10.07.2012;;276.64
11.07.2012;;276.64
12.07.2012;;276.64
13.07.2012;;276.65
14.07.2012;;276.67
15.07.2012;;276.68
16.07.2012;;276.68
17.07.2012;;276.69
18.07.2012;;276.7
19.07.2012;;276.71
20.07.2012;;276.71
21.07.2012;;276.72
22.07.2012;;276.72
23.07.2012;;276.71
24.07.2012;;276.71
25.07.2012;;276.71
26.07.2012;;276.72
27.07.2012;;276.72
28.07.2012;;276.72
29.07.2012;;276.71
30.07.2012;;276.7
31.07.2012;;276.69
01.08.2012;;276.68
02.08.2012;;276.67
03.08.2012;;276.66
04.08.2012;;276.65
05.08.2012;;276.64
06.08.2012;;276.63
07.08.2012;;276.61
08.08.2012;;276.6
09.08.2012;;276.58
10.08.2012;;276.56
11.08.2012;;276.54
12.08.2012;;276.53
13.08.2012;;276.51
14.08.2012;;276.5
15.08.2012;;276.49
16.08.2012;;276.48
17.08.2012;;276.48
18.08.2012;;276.48
19.08.2012;;276.47
20.08.2012;;276.46
21.08.2012;;276.45
22.08.2012;;276.44
23.08.2012;;276.43
24.08.2012;;276.42
25.08.2012;;276.41
26.08.2012;;276.41
27.08.2012;;276.42
28.08.2012;;276.43
29.08.2012;;276.42
30.08.2012;;276.41
31.08.2012;;276.4
01.09.2012;;276.43
02.09.2012;;276.46
03.09.2012;;276.5
04.09.2012;;276.52
05.09.2012;;276.52
06.09.2012;;276.53
07.09.2012;;276.53
08.09.2012;;276.53
09.09.2012;;276.54
10.09.2012;;276.53
11.09.2012;;276.51
12.09.2012;;276.51
13.09.2012;;276.52
14.09.2012;;276.57
15.09.2012;;276.64
16.09.2012;;276.69
17.09.2012;;276.7
18.09.2012;;276.74
19.09.2012;;276.75
20.09.2012;;276.75
21.09.2012;;276.76
22.09.2012;;276.79
23.09.2012;;276.83
24.09.2012;;276.86
25.09.2012;;276.88
26.09.2012;;276.89
27.09.2012;;276.9
28.09.2012;;276.9
29.09.2012;;276.93
30.09.2012;;276.96
01.10.2012;;276.98
02.10.2012;;276.99
03.10.2012;;276.99
04.10.2012;;277
05.10.2012;;276.99
06.10.2012;;277
07.10.2012;;277
08.10.2012;;276.99
09.10.2012;;276.96
10.10.2012;;276.94
11.10.2012;;276.92
12.10.2012;;276.91
13.10.2012;;276.93
14.10.2012;;276.92
15.10.2012;;276.91
16.10.2012;;276.93
17.10.2012;;276.96
18.10.2012;;277.01
19.10.2012;;277.08
20.10.2012;;277.16
21.10.2012;;277.2
22.10.2012;;277.22
23.10.2012;;277.23
24.10.2012;;277.24
25.10.2012;;277.26
26.10.2012;;277.26
27.10.2012;;277.31
28.10.2012;;277.34
29.10.2012;;277.45
30.10.2012;;277.57
31.10.2012;;277.71
01.11.2012;;277.88
02.11.2012;;277.97
03.11.2012;;278.11
04.11.2012;;278.25
05.11.2012;;278.36
06.11.2012;;278.41
07.11.2012;;278.47
08.11.2012;;278.56
09.11.2012;;278.63
10.11.2012;;278.69
11.11.2012;;278.74
12.11.2012;;278.78
13.11.2012;;278.77
14.11.2012;;278.78
15.11.2012;;278.77
16.11.2012;;278.77
17.11.2012;;278.77
18.11.2012;;278.75
19.11.2012;;278.72
20.11.2012;;278.71
21.11.2012;;278.69
22.11.2012;;278.69
23.11.2012;;278.68
24.11.2012;;278.66
25.11.2012;;278.64
26.11.2012;;278.61
27.11.2012;;278.59
28.11.2012;;278.57
29.11.2012;;278.56
30.11.2012;;278.57
01.12.2012;;278.59
02.12.2012;;278.62
03.12.2012;;278.63
04.12.2012;;278.64
05.12.2012;;278.64
06.12.2012;;278.62
07.12.2012;;278.61
08.12.2012;;278.62
09.12.2012;;278.61
10.12.2012;;278.59
11.12.2012;;278.56
12.12.2012;;278.53
13.12.2012;;278.51
14.12.2012;;278.5
15.12.2012;;278.49
16.12.2012;;278.48
17.12.2012;;278.48
18.12.2012;;278.48
19.12.2012;;278.46
20.12.2012;;278.47
21.12.2012;;278.48
22.12.2012;;278.49
23.12.2012;;278.48
24.12.2012;;278.47
25.12.2012;;278.46
26.12.2012;;278.45
27.12.2012;;278.44
28.12.2012;;278.42
29.12.2012;;278.4
30.12.2012;;278.4
31.12.2012;;278.38
01.01.2013;;278.37
02.01.2013;;278.33
03.01.2013;;278.3
04.01.2013;;278.28
05.01.2013;;278.27
06.01.2013;;278.24
07.01.2013;;278.2
08.01.2013;;278.15
09.01.2013;;278.14
10.01.2013;;278.13
11.01.2013;;278.1
12.01.2013;;278.07
13.01.2013;;278.05
14.01.2013;;278.01
15.01.2013;;277.97
16.01.2013;;277.95
17.01.2013;;277.93
18.01.2013;;277.91
19.01.2013;;277.89
20.01.2013;;277.87
21.01.2013;;277.85
22.01.2013;;277.83
23.01.2013;;277.84
24.01.2013;;277.87
25.01.2013;;277.89
26.01.2013;;277.91
27.01.2013;;277.93
28.01.2013;;277.93
29.01.2013;;277.91
30.01.2013;;277.91
31.01.2013;;277.92
01.02.2013;;277.92
02.02.2013;;277.94
03.02.2013;;277.95
04.02.2013;;277.98
05.02.2013;;278.05
06.02.2013;;278.1
07.02.2013;;278.14
08.02.2013;;278.19
09.02.2013;;278.22
10.02.2013;;278.24
11.02.2013;;278.25
12.02.2013;;278.24
13.02.2013;;278.22
14.02.2013;;278.22
15.02.2013;;278.21
16.02.2013;;278.21
17.02.2013;;278.19
18.02.2013;;278.17
19.02.2013;;278.15
20.02.2013;;278.12
21.02.2013;;278.1
22.02.2013;;278.09
23.02.2013;;278.07
24.02.2013;;278.05
25.02.2013;;278.02
26.02.2013;;277.99
27.02.2013;;277.97
28.02.2013;;277.96
01.03.2013;;277.96
02.03.2013;;277.96
03.03.2013;;277.97
04.03.2013;;277.96
05.03.2013;;277.96
06.03.2013;;277.97
07.03.2013;;277.98
08.03.2013;;278.01
09.03.2013;;278.04
10.03.2013;;278.09
11.03.2013;;278.13
12.03.2013;;278.19
13.03.2013;;278.25
14.03.2013;;278.32
15.03.2013;;278.38
16.03.2013;;278.42
17.03.2013;;278.47
18.03.2013;;278.51
19.03.2013;;278.54
20.03.2013;;278.58
21.03.2013;;278.64
22.03.2013;;278.69
23.03.2013;;278.73
24.03.2013;;278.76
25.03.2013;;278.77
26.03.2013;;278.76
27.03.2013;;278.74
28.03.2013;;278.73
29.03.2013;;278.74
30.03.2013;;278.76
31.03.2013;;278.8
01.04.2013;;278.85
02.04.2013;;278.92
03.04.2013;;278.96
04.04.2013;;279
05.04.2013;;279.06
06.04.2013;;279.09
07.04.2013;;279.12
08.04.2013;;279.12
09.04.2013;;279.12
10.04.2013;;279.1
11.04.2013;;279.08
12.04.2013;;279.08
13.04.2013;;279.05
14.04.2013;;279.04
15.04.2013;;279.03
16.04.2013;;279
17.04.2013;;278.99
18.04.2013;;278.97
19.04.2013;;278.96
20.04.2013;;278.95
21.04.2013;;278.96
22.04.2013;;278.93
23.04.2013;;278.9
24.04.2013;;278.87
25.04.2013;;278.84
26.04.2013;;278.83
27.04.2013;;278.82
28.04.2013;;278.81
29.04.2013;;278.78
30.04.2013;;278.76
01.05.2013;;278.76
02.05.2013;;278.75
03.05.2013;;278.73
04.05.2013;;278.7
05.05.2013;;278.67
06.05.2013;;278.65
07.05.2013;;278.62
08.05.2013;;278.6
09.05.2013;;278.59
10.05.2013;;278.58
11.05.2013;;278.58
12.05.2013;;278.61
13.05.2013;;278.61
14.05.2013;;278.61
15.05.2013;;278.62
16.05.2013;;278.63
17.05.2013;;278.61
18.05.2013;;278.59
19.05.2013;;278.61
20.05.2013;;278.58
21.05.2013;;278.58
22.05.2013;;278.57
23.05.2013;;278.55
24.05.2013;;278.53
25.05.2013;;278.53
26.05.2013;;278.54
27.05.2013;;278.53
28.05.2013;;278.52
29.05.2013;;278.52
30.05.2013;;278.51
31.05.2013;;278.51
01.06.2013;;278.51
02.06.2013;;278.52
03.06.2013;;278.5
04.06.2013;;278.48
05.06.2013;;278.47
06.06.2013;;278.45
07.06.2013;;278.44
08.06.2013;;278.44
09.06.2013;;278.45
10.06.2013;;278.42
11.06.2013;;278.39
12.06.2013;;278.36
13.06.2013;;278.35
14.06.2013;;278.33
15.06.2013;;278.32
16.06.2013;;278.29
17.06.2013;;278.24
18.06.2013;;278.21
19.06.2013;;278.18
20.06.2013;;278.14
21.06.2013;;278.12
22.06.2013;;278.1
23.06.2013;;278.09
24.06.2013;;278.06
25.06.2013;;278.05
26.06.2013;;278.01
27.06.2013;;277.98
28.06.2013;;277.96
29.06.2013;;277.96
30.06.2013;;277.94
01.07.2013;;277.91
02.07.2013;;277.88
03.07.2013;;277.85
04.07.2013;;277.82
05.07.2013;;277.79
06.07.2013;;277.78
07.07.2013;;277.77
08.07.2013;;277.73
09.07.2013;;277.7
10.07.2013;;277.68
11.07.2013;;277.65
12.07.2013;;277.64
13.07.2013;;277.63
14.07.2013;;277.62
15.07.2013;;277.59
16.07.2013;;277.56
17.07.2013;;277.55
18.07.2013;;277.53
19.07.2013;;277.51
20.07.2013;;277.5
21.07.2013;;277.48
22.07.2013;;277.46
23.07.2013;;277.44
24.07.2013;;277.42
25.07.2013;;277.41
26.07.2013;;277.39
27.07.2013;;277.38
28.07.2013;;277.37
29.07.2013;;277.34
30.07.2013;;277.31
31.07.2013;;277.29
01.08.2013;;277.27
02.08.2013;;277.25
03.08.2013;;277.25
04.08.2013;;277.24
05.08.2013;;277.21
06.08.2013;;277.19
07.08.2013;;277.17
08.08.2013;;277.15
09.08.2013;;277.13
10.08.2013;;277.12
11.08.2013;;277.13
12.08.2013;;277.1
13.08.2013;;277.08
14.08.2013;;277.07
15.08.2013;;277.06
16.08.2013;;277.06
17.08.2013;;277.06
18.08.2013;;277.05
19.08.2013;;277.02
20.08.2013;;276.99
21.08.2013;;276.97
22.08.2013;;276.96
23.08.2013;;276.95
24.08.2013;;276.95
25.08.2013;;276.95
26.08.2013;;276.93
27.08.2013;;276.93
28.08.2013;;276.93
29.08.2013;;276.94
30.08.2013;;276.93
31.08.2013;;276.94
01.09.2013;;276.95
02.09.2013;;276.92
03.09.2013;;276.9
04.09.2013;;276.89
05.09.2013;;276.87
06.09.2013;;276.87
07.09.2013;;276.86
08.09.2013;;276.85
09.09.2013;;276.84
10.09.2013;;276.84
11.09.2013;;276.87
12.09.2013;;276.94
13.09.2013;;277
14.09.2013;;277.06
15.09.2013;;277.1
16.09.2013;;277.12
17.09.2013;;277.14
18.09.2013;;277.16
19.09.2013;;277.19
20.09.2013;;277.2
21.09.2013;;277.22
22.09.2013;;277.23
23.09.2013;;277.21
24.09.2013;;277.2
25.09.2013;;277.18
26.09.2013;;277.16
27.09.2013;;277.16
28.09.2013;;277.15
29.09.2013;;277.13
30.09.2013;;277.13
01.10.2013;;277.12
02.10.2013;;277.13
03.10.2013;;277.15
04.10.2013;;277.16
05.10.2013;;277.18
06.10.2013;;277.18
07.10.2013;;277.15
08.10.2013;;277.14
09.10.2013;;277.14
10.10.2013;;277.13
11.10.2013;;277.12
12.10.2013;;277.12
13.10.2013;;277.13
14.10.2013;;277.13
15.10.2013;;277.14
16.10.2013;;277.16
17.10.2013;;277.16
18.10.2013;;277.17
19.10.2013;;277.17
20.10.2013;;277.17
21.10.2013;;277.16
22.10.2013;;277.15
23.10.2013;;277.14
24.10.2013;;277.13
25.10.2013;;277.13
26.10.2013;;277.13
27.10.2013;;277.13
28.10.2013;;277.12
29.10.2013;;277.11
30.10.2013;;277.09
31.10.2013;;277.1
01.11.2013;;277.1
02.11.2013;;277.1
03.11.2013;;277.1
04.11.2013;;277.08
05.11.2013;;277.1
06.11.2013;;277.14
07.11.2013;;277.19
08.11.2013;;277.24
09.11.2013;;277.3
10.11.2013;;277.34
11.11.2013;;277.39
12.11.2013;;277.44
13.11.2013;;277.51
14.11.2013;;277.57
15.11.2013;;277.61
16.11.2013;;277.65
17.11.2013;;277.69
18.11.2013;;277.71
19.11.2013;;277.72
20.11.2013;;277.73
21.11.2013;;277.73
22.11.2013;;277.75
23.11.2013;;277.78
24.11.2013;;277.82
25.11.2013;;277.86
26.11.2013;;277.89
27.11.2013;;277.93
28.11.2013;;277.96
29.11.2013;;278
30.11.2013;;278.02
01.12.2013;;278.02
02.12.2013;;277.99
03.12.2013;;277.96
04.12.2013;;277.95
05.12.2013;;277.92
06.12.2013;;277.91
07.12.2013;;277.89
08.12.2013;;277.87
09.12.2013;;277.83
10.12.2013;;277.79
11.12.2013;;277.75
12.12.2013;;277.73
13.12.2013;;277.71
14.12.2013;;277.69
15.12.2013;;277.66
16.12.2013;;277.63
17.12.2013;;277.59
18.12.2013;;277.57
19.12.2013;;277.54
20.12.2013;;277.51
21.12.2013;;277.48
22.12.2013;;277.46
23.12.2013;;277.45
24.12.2013;;277.43
25.12.2013;;277.43
26.12.2013;;277.42
27.12.2013;;277.4
28.12.2013;;277.41
29.12.2013;;277.44
30.12.2013;;277.48
31.12.2013;;277.53
01.01.2014;;277.57
02.01.2014;;277.6
03.01.2014;;277.61
04.01.2014;;277.62
05.01.2014;;277.64
06.01.2014;;277.65
07.01.2014;;277.68
08.01.2014;;277.74
09.01.2014;;277.8
10.01.2014;;277.84
11.01.2014;;277.88
12.01.2014;;277.9
13.01.2014;;277.9
14.01.2014;;277.89
15.01.2014;;277.89
16.01.2014;;277.89
17.01.2014;;277.9
18.01.2014;;277.91
19.01.2014;;277.92
20.01.2014;;277.95
21.01.2014;;277.98
22.01.2014;;278.03
23.01.2014;;278.07
24.01.2014;;278.13
25.01.2014;;278.17
26.01.2014;;278.2
27.01.2014;;278.23
28.01.2014;;278.23
29.01.2014;;278.24
30.01.2014;;278.23
31.01.2014;;278.24
01.02.2014;;278.24
02.02.2014;;278.27
03.02.2014;;278.29
04.02.2014;;278.32
05.02.2014;;278.35
06.02.2014;;278.39
07.02.2014;;278.41
08.02.2014;;278.44
09.02.2014;;278.5
10.02.2014;;278.55
11.02.2014;;278.64
12.02.2014;;278.77
13.02.2014;;278.93
14.02.2014;;279.07
15.02.2014;;279.2
16.02.2014;;279.3
17.02.2014;;279.37
18.02.2014;;279.46
19.02.2014;;279.56
20.02.2014;;279.65
21.02.2014;;279.74
22.02.2014;;279.8
23.02.2014;;279.85
24.02.2014;;279.89
25.02.2014;;279.9
26.02.2014;;279.92
27.02.2014;;279.91
28.02.2014;;279.91
01.03.2014;;279.91
02.03.2014;;279.88
03.03.2014;;279.82
04.03.2014;;279.76
05.03.2014;;279.69
06.03.2014;;279.62
07.03.2014;;279.57
08.03.2014;;279.51
09.03.2014;;279.46
10.03.2014;;279.42
11.03.2014;;279.35
12.03.2014;;279.28
13.03.2014;;279.23
14.03.2014;;279.19
15.03.2014;;279.17
16.03.2014;;279.12
17.03.2014;;279.07
18.03.2014;;279.01
19.03.2014;;278.95
20.03.2014;;278.91
21.03.2014;;278.88
22.03.2014;;278.86
23.03.2014;;278.84
24.03.2014;;278.79
25.03.2014;;278.76
26.03.2014;;278.73
27.03.2014;;278.71
28.03.2014;;278.69
29.03.2014;;278.68
30.03.2014;;278.66
31.03.2014;;278.62
01.04.2014;;278.58
02.04.2014;;278.54
03.04.2014;;278.51
04.04.2014;;278.48
05.04.2014;;278.46
06.04.2014;;278.43
07.04.2014;;278.39
08.04.2014;;278.34
09.04.2014;;278.31
10.04.2014;;278.28
11.04.2014;;278.25
12.04.2014;;278.24
13.04.2014;;278.22
14.04.2014;;278.18
15.04.2014;;278.14
16.04.2014;;278.11
17.04.2014;;278.08
18.04.2014;;278.06
19.04.2014;;278.04
20.04.2014;;278.02
21.04.2014;;278.01
22.04.2014;;277.97
23.04.2014;;277.95
24.04.2014;;277.93
25.04.2014;;277.92
26.04.2014;;277.91
27.04.2014;;277.91
28.04.2014;;277.88
29.04.2014;;277.87
30.04.2014;;277.86
01.05.2014;;277.87
02.05.2014;;277.88
03.05.2014;;277.88
04.05.2014;;277.87
05.05.2014;;277.84
06.05.2014;;277.82
07.05.2014;;277.8
08.05.2014;;277.78
09.05.2014;;277.77
10.05.2014;;277.74
11.05.2014;;277.74
12.05.2014;;277.72
13.05.2014;;277.72
14.05.2014;;277.72
15.05.2014;;277.73
16.05.2014;;277.73
17.05.2014;;277.74
18.05.2014;;277.74
19.05.2014;;277.72
20.05.2014;;277.68
21.05.2014;;277.66
22.05.2014;;277.64
23.05.2014;;277.63
24.05.2014;;277.63
25.05.2014;;277.62
26.05.2014;;277.6
27.05.2014;;277.58
28.05.2014;;277.56
29.05.2014;;277.55
30.05.2014;;277.53
31.05.2014;;277.54
01.06.2014;;277.53
02.06.2014;;277.51
03.06.2014;;277.49
04.06.2014;;277.47
05.06.2014;;277.46
06.06.2014;;277.46
07.06.2014;;277.45
08.06.2014;;277.44
09.06.2014;;277.41
10.06.2014;;277.39
11.06.2014;;277.37
12.06.2014;;277.35
13.06.2014;;277.34
14.06.2014;;277.35
15.06.2014;;277.34
16.06.2014;;277.32
17.06.2014;;277.29
18.06.2014;;277.28
19.06.2014;;277.26
20.06.2014;;277.25
21.06.2014;;277.25
22.06.2014;;277.24
23.06.2014;;277.22
24.06.2014;;277.2
25.06.2014;;277.19
26.06.2014;;277.2
27.06.2014;;277.2
28.06.2014;;277.23
29.06.2014;;277.24
30.06.2014;;277.24
01.07.2014;;277.26
02.07.2014;;277.29
03.07.2014;;277.29
04.07.2014;;277.31
05.07.2014;;277.33
06.07.2014;;277.33
07.07.2014;;277.32
08.07.2014;;277.3
09.07.2014;;277.29
10.07.2014;;277.29
11.07.2014;;277.3
12.07.2014;;277.33
13.07.2014;;277.34
14.07.2014;;277.34
15.07.2014;;277.33
16.07.2014;;277.33
17.07.2014;;277.33
18.07.2014;;277.33
19.07.2014;;277.34
20.07.2014;;277.34
21.07.2014;;277.32
22.07.2014;;277.29
23.07.2014;;277.28
24.07.2014;;277.28
25.07.2014;;277.26
26.07.2014;;277.27
27.07.2014;;277.27
28.07.2014;;277.27
29.07.2014;;277.26
30.07.2014;;277.25
31.07.2014;;277.26
01.08.2014;;277.28
02.08.2014;;277.31
03.08.2014;;277.32
04.08.2014;;277.32
05.08.2014;;277.33
06.08.2014;;277.34
07.08.2014;;277.35
08.08.2014;;277.35
09.08.2014;;277.35
10.08.2014;;277.35
11.08.2014;;277.33
12.08.2014;;277.32
13.08.2014;;277.31
14.08.2014;;277.31
15.08.2014;;277.34
16.08.2014;;277.37
17.08.2014;;277.39
18.08.2014;;277.4
19.08.2014;;277.4
20.08.2014;;277.39
21.08.2014;;277.4
22.08.2014;;277.43
23.08.2014;;277.47
24.08.2014;;277.48
25.08.2014;;277.49
26.08.2014;;277.5
27.08.2014;;277.5
28.08.2014;;277.52
29.08.2014;;277.56
30.08.2014;;277.59
31.08.2014;;277.61
01.09.2014;;277.62
02.09.2014;;277.63
03.09.2014;;277.66
04.09.2014;;277.69
05.09.2014;;277.74
06.09.2014;;277.78
07.09.2014;;277.81
08.09.2014;;277.82
09.09.2014;;277.82
10.09.2014;;277.83
11.09.2014;;277.83
12.09.2014;;277.85
13.09.2014;;277.91
14.09.2014;;278.01
15.09.2014;;278.12
16.09.2014;;278.2
17.09.2014;;278.26
18.09.2014;;278.31
19.09.2014;;278.34
20.09.2014;;278.37
21.09.2014;;278.38
22.09.2014;;278.37
23.09.2014;;278.36
24.09.2014;;278.36
25.09.2014;;278.36
26.09.2014;;278.34
27.09.2014;;278.33
28.09.2014;;278.3
29.09.2014;;278.26
30.09.2014;;278.23
01.10.2014;;278.21
02.10.2014;;278.18
03.10.2014;;278.16
04.10.2014;;278.15
05.10.2014;;278.12
06.10.2014;;278.08
07.10.2014;;278.04
08.10.2014;;278
09.10.2014;;277.97
10.10.2014;;277.95
11.10.2014;;277.93
12.10.2014;;277.91
13.10.2014;;277.89
14.10.2014;;277.86
15.10.2014;;277.85
16.10.2014;;277.81
17.10.2014;;277.79
18.10.2014;;277.77
19.10.2014;;277.76
20.10.2014;;277.74
21.10.2014;;277.7
22.10.2014;;277.81
23.10.2014;;277.92
24.10.2014;;278.01
25.10.2014;;278.08
26.10.2014;;278.13
27.10.2014;;278.15
28.10.2014;;278.17
29.10.2014;;278.17
30.10.2014;;278.16
31.10.2014;;278.17
01.11.2014;;278.17
02.11.2014;;278.15
03.11.2014;;278.12
04.11.2014;;278.09
05.11.2014;;278.07
06.11.2014;;278.05
07.11.2014;;278.1
08.11.2014;;278.3
09.11.2014;;278.55
10.11.2014;;278.74
11.11.2014;;278.89
12.11.2014;;279.01
13.11.2014;;279.1
14.11.2014;;279.17
15.11.2014;;279.24
16.11.2014;;279.28
17.11.2014;;279.29
18.11.2014;;279.3
19.11.2014;;279.32
20.11.2014;;279.35
21.11.2014;;279.39
22.11.2014;;279.42
23.11.2014;;279.43
24.11.2014;;279.43
25.11.2014;;279.4
26.11.2014;;279.38
27.11.2014;;279.35
28.11.2014;;279.33
29.11.2014;;279.3
30.11.2014;;279.27
01.12.2014;;279.22
02.12.2014;;279.19
03.12.2014;;279.17
04.12.2014;;279.16
05.12.2014;;279.14
06.12.2014;;279.14
07.12.2014;;279.13
08.12.2014;;279.11
09.12.2014;;279.08
10.12.2014;;279.04
11.12.2014;;279.02
12.12.2014;;279
13.12.2014;;278.98
14.12.2014;;278.94
15.12.2014;;278.89
16.12.2014;;278.86
17.12.2014;;278.82
18.12.2014;;278.79
19.12.2014;;278.75
20.12.2014;;278.73
21.12.2014;;278.69
22.12.2014;;278.66
23.12.2014;;278.62
24.12.2014;;278.59
25.12.2014;;278.57
26.12.2014;;278.54
27.12.2014;;278.52
28.12.2014;;278.49
29.12.2014;;278.44
30.12.2014;;278.4
31.12.2014;;278.36
01.01.2015;;278.32
02.01.2015;;278.29
03.01.2015;;278.25
04.01.2015;;278.22
05.01.2015;;278.16
06.01.2015;;278.11
07.01.2015;;278.07
08.01.2015;;278.03
09.01.2015;;278
10.01.2015;;277.99
11.01.2015;;277.96
12.01.2015;;277.92
13.01.2015;;277.89
14.01.2015;;277.87
15.01.2015;;277.84
16.01.2015;;277.82
17.01.2015;;277.81
18.01.2015;;277.79
19.01.2015;;277.78
20.01.2015;;277.76
21.01.2015;;277.75
22.01.2015;;277.73
23.01.2015;;277.72
24.01.2015;;277.71
25.01.2015;;277.69
26.01.2015;;277.66
27.01.2015;;277.65
28.01.2015;;277.63
29.01.2015;;277.62
30.01.2015;;277.62
31.01.2015;;277.59
01.02.2015;;277.57
02.02.2015;;277.54
03.02.2015;;277.51
04.02.2015;;277.49
05.02.2015;;277.47
06.02.2015;;277.46
07.02.2015;;277.45
08.02.2015;;277.44
09.02.2015;;277.4
10.02.2015;;277.38
11.02.2015;;277.36
12.02.2015;;277.34
13.02.2015;;277.33
14.02.2015;;277.33
15.02.2015;;277.32
16.02.2015;;277.3
17.02.2015;;277.28
18.02.2015;;277.27
19.02.2015;;277.26
20.02.2015;;277.27
21.02.2015;;277.27
22.02.2015;;277.28
23.02.2015;;277.28
24.02.2015;;277.29
25.02.2015;;277.3
26.02.2015;;277.32
27.02.2015;;277.33
28.02.2015;;277.36
01.03.2015;;277.37
02.03.2015;;277.38
03.03.2015;;277.36
04.03.2015;;277.36
05.03.2015;;277.36
06.03.2015;;277.37
07.03.2015;;277.37
08.03.2015;;277.37
09.03.2015;;277.37
10.03.2015;;277.35
11.03.2015;;277.35
12.03.2015;;277.33
13.03.2015;;277.31
14.03.2015;;277.31
15.03.2015;;277.3
16.03.2015;;277.27
17.03.2015;;277.25
18.03.2015;;277.24
19.03.2015;;277.22
20.03.2015;;277.21
21.03.2015;;277.21
22.03.2015;;277.2
23.03.2015;;277.17
24.03.2015;;277.15
25.03.2015;;277.13
26.03.2015;;277.12
27.03.2015;;277.14
28.03.2015;;277.21
29.03.2015;;277.28
30.03.2015;;277.33
31.03.2015;;277.37
01.04.2015;;277.4
02.04.2015;;277.42
03.04.2015;;277.45
04.04.2015;;277.46
05.04.2015;;277.48
06.04.2015;;277.48
07.04.2015;;277.45
08.04.2015;;277.44
09.04.2015;;277.42
10.04.2015;;277.41
11.04.2015;;277.4
12.04.2015;;277.39
13.04.2015;;277.37
14.04.2015;;277.35
15.04.2015;;277.33
16.04.2015;;277.32
17.04.2015;;277.31
18.04.2015;;277.29
19.04.2015;;277.29
20.04.2015;;277.27
21.04.2015;;277.26
22.04.2015;;277.25
23.04.2015;;277.24
24.04.2015;;277.23
25.04.2015;;277.23
26.04.2015;;277.23
27.04.2015;;277.22
28.04.2015;;277.2
29.04.2015;;277.18
30.04.2015;;277.17
01.05.2015;;277.18
02.05.2015;;277.17
03.05.2015;;277.16
04.05.2015;;277.13
05.05.2015;;277.11
06.05.2015;;277.1
07.05.2015;;277.09
08.05.2015;;277.08
09.05.2015;;277.08
10.05.2015;;277.08
11.05.2015;;277.06
12.05.2015;;277.04
13.05.2015;;277.03
14.05.2015;;277.02
15.05.2015;;277
16.05.2015;;277.01
17.05.2015;;277.02
18.05.2015;;277.01
19.05.2015;;276.99
20.05.2015;;276.99
21.05.2015;;276.97
22.05.2015;;276.98
23.05.2015;;277.01
24.05.2015;;277.04
25.05.2015;;277.06
26.05.2015;;277.08
27.05.2015;;277.08
28.05.2015;;277.1
29.05.2015;;277.1
30.05.2015;;277.11
31.05.2015;;277.11
01.06.2015;;277.08
02.06.2015;;277.07
03.06.2015;;277.05
04.06.2015;;277.04
05.06.2015;;277.04
06.06.2015;;277.05
07.06.2015;;277.04
08.06.2015;;277.01
09.06.2015;;277
10.06.2015;;276.98
11.06.2015;;276.96
12.06.2015;;276.94
13.06.2015;;276.95
14.06.2015;;276.94
15.06.2015;;276.92
16.06.2015;;276.89
17.06.2015;;276.88
18.06.2015;;276.86
19.06.2015;;276.86
20.06.2015;;276.86
21.06.2015;;276.86
22.06.2015;;276.84
23.06.2015;;276.83
24.06.2015;;276.87
25.06.2015;;276.94
26.06.2015;;276.99
27.06.2015;;277.03
28.06.2015;;277.07
29.06.2015;;277.1
30.06.2015;;277.11
01.07.2015;;277.12
02.07.2015;;277.11
03.07.2015;;277.1
04.07.2015;;277.11
05.07.2015;;277.1
06.07.2015;;277.08
07.07.2015;;277.06
08.07.2015;;277.04
09.07.2015;;277.03
10.07.2015;;277.02
11.07.2015;;277.02
12.07.2015;;277.02
13.07.2015;;277.01
14.07.2015;;276.98
15.07.2015;;276.97
16.07.2015;;276.96
17.07.2015;;276.95
18.07.2015;;276.95
19.07.2015;;276.94
20.07.2015;;276.92
21.07.2015;;276.9
22.07.2015;;276.87
23.07.2015;;276.86
24.07.2015;;276.84
25.07.2015;;276.84
26.07.2015;;276.84
27.07.2015;;276.83
28.07.2015;;276.82
29.07.2015;;276.82
30.07.2015;;276.82
31.07.2015;;276.83
01.08.2015;;276.86
02.08.2015;;276.88
03.08.2015;;276.89
04.08.2015;;276.89
05.08.2015;;276.88
06.08.2015;;276.88
07.08.2015;;276.88
08.08.2015;;276.89
09.08.2015;;276.88
10.08.2015;;276.87
11.08.2015;;276.85
12.08.2015;;276.84
13.08.2015;;276.82
14.08.2015;;276.78
15.08.2015;;276.78
16.08.2015;;276.77
17.08.2015;;276.74
18.08.2015;;276.72
19.08.2015;;276.7
20.08.2015;;276.7
21.08.2015;;276.73
22.08.2015;;276.75
23.08.2015;;276.76
24.08.2015;;276.75
25.08.2015;;276.73
26.08.2015;;276.74
27.08.2015;;276.77
28.08.2015;;276.79
29.08.2015;;276.8
30.08.2015;;276.81
31.08.2015;;276.79
01.09.2015;;276.79
02.09.2015;;276.77
03.09.2015;;276.76
04.09.2015;;276.75
05.09.2015;;276.77
06.09.2015;;276.81
07.09.2015;;276.84
08.09.2015;;276.86
09.09.2015;;276.88
10.09.2015;;276.88
11.09.2015;;276.89
12.09.2015;;276.9
13.09.2015;;276.9
14.09.2015;;276.89
15.09.2015;;276.88
16.09.2015;;276.87
17.09.2015;;276.88
18.09.2015;;276.89
19.09.2015;;276.91
20.09.2015;;276.92
21.09.2015;;276.91
22.09.2015;;276.9
23.09.2015;;276.89
24.09.2015;;276.88
25.09.2015;;276.9
26.09.2015;;276.94
27.09.2015;;276.97
28.09.2015;;276.98
29.09.2015;;276.99
30.09.2015;;277
01.10.2015;;277
02.10.2015;;277
03.10.2015;;277
04.10.2015;;276.99
05.10.2015;;276.97
06.10.2015;;276.96
07.10.2015;;276.95
08.10.2015;;276.97
09.10.2015;;276.99
10.10.2015;;277.01
11.10.2015;;277.03
12.10.2015;;277.03
13.10.2015;;277.03
14.10.2015;;277.05
15.10.2015;;277.09
16.10.2015;;277.16
17.10.2015;;277.26
18.10.2015;;277.35
19.10.2015;;277.42
20.10.2015;;277.48
21.10.2015;;277.54
22.10.2015;;277.58
23.10.2015;;277.62
24.10.2015;;277.64
25.10.2015;;277.66
26.10.2015;;277.67
27.10.2015;;277.66
28.10.2015;;277.66
29.10.2015;;277.65
30.10.2015;;277.64
31.10.2015;;277.63
01.11.2015;;277.61
02.11.2015;;277.59
03.11.2015;;277.56
04.11.2015;;277.55
05.11.2015;;277.52
06.11.2015;;277.51
07.11.2015;;277.5
08.11.2015;;277.48
09.11.2015;;277.45
10.11.2015;;277.43
11.11.2015;;277.4
12.11.2015;;277.38
13.11.2015;;277.36
14.11.2015;;277.35
15.11.2015;;277.34
16.11.2015;;277.31
17.11.2015;;277.29
18.11.2015;;277.27
19.11.2015;;277.25
20.11.2015;;277.23
21.11.2015;;277.23
22.11.2015;;277.23
23.11.2015;;277.21
24.11.2015;;277.2
25.11.2015;;277.2
26.11.2015;;277.19
27.11.2015;;277.18
28.11.2015;;277.18
29.11.2015;;277.17
30.11.2015;;277.15
01.12.2015;;277.12
02.12.2015;;277.1
03.12.2015;;277.09
04.12.2015;;277.08
05.12.2015;;277.08
06.12.2015;;277.07
07.12.2015;;277.05
08.12.2015;;277.03
09.12.2015;;277.01
10.12.2015;;277
11.12.2015;;276.99
12.12.2015;;277
13.12.2015;;276.99
14.12.2015;;276.96
15.12.2015;;276.94
16.12.2015;;276.92
17.12.2015;;276.91
18.12.2015;;276.9
19.12.2015;;276.9
20.12.2015;;276.89
21.12.2015;;276.87
22.12.2015;;276.85
23.12.2015;;276.84
24.12.2015;;276.83
25.12.2015;;276.82
26.12.2015;;276.81
27.12.2015;;276.8
28.12.2015;;276.78
29.12.2015;;276.77
30.12.2015;;276.76
31.12.2015;;276.75
